City_ID,City,Country,Date,Lat,Lng,Max Temp,Humidity,Cloudiness,Wind Speed
0,Atuona,PF,2022-03-27 23:01:48,-9.8,-139.0333,78.91,79,60,12.66
1,Bredasdorp,ZA,2022-03-27 23:01:48,-34.5322,20.0403,65.1,75,36,3.53
2,East London,ZA,2022-03-27 23:01:48,-33.0153,27.9116,70.54,81,76,19.39
3,Lompoc,US,2022-03-27 23:01:49,34.6391,-120.4579,64.62,68,100,17.27
4,Qaanaaq,GL,2022-03-27 23:01:49,77.484,-69.3632,9.82,93,100,5.06
5,Ushuaia,AR,2022-03-27 23:01:30,-54.8,-68.3,40.78,88,54,3.83
6,Broome,US,2022-03-27 23:01:50,42.2506,-75.833,26.71,72,100,19.57
7,Hilo,US,2022-03-27 22:56:51,19.7297,-155.09,80.26,69,27,3.0
8,Mombasa,KE,2022-03-27 23:01:50,-4.0547,39.6636,79.84,83,39,4.99
9,Kapaa,US,2022-03-27 23:01:51,22.0752,-159.319,79.48,64,18,4.0
10,Vaitape,PF,2022-03-27 22:57:53,-16.5167,-151.75,82.02,72,19,12.66
11,Fairhope,US,2022-03-27 23:01:51,30.523,-87.9033,75.76,55,2,3.0
12,Holme,DK,2022-03-27 23:01:52,56.1138,10.1725,42.37,87,88,14.7
13,Saint-Philippe,RE,2022-03-27 23:01:52,-21.3585,55.7679,78.39,86,98,8.79
14,Tornio,FI,2022-03-27 23:01:52,65.8481,24.1466,21.22,94,100,15.19
15,Provideniya,RU,2022-03-27 23:01:53,64.3833,-173.3,19.51,73,0,0.0
16,Airai,TL,2022-03-27 23:01:53,-8.9266,125.4092,63.46,83,85,1.03
17,Cherskiy,RU,2022-03-27 23:01:54,68.75,161.3,3.99,91,99,8.5
18,Gat,IL,2022-03-27 23:01:54,31.61,34.7642,52.81,87,1,3.51
19,Chokurdakh,RU,2022-03-27 22:59:08,70.6333,147.9167,-7.58,97,85,5.28
20,Lata,PT,2022-03-27 23:01:54,40.1629,-8.3327,57.07,60,100,9.33
21,Hay River,CA,2022-03-27 23:01:46,60.8156,-115.7999,14.88,89,100,5.37
22,Cabo San Lucas,MX,2022-03-27 23:01:55,22.8909,-109.9124,87.62,44,9,9.46
23,Derzhavinsk,KZ,2022-03-27 23:01:55,51.1,66.3167,12.88,99,88,9.93
24,Paamiut,GL,2022-03-27 23:01:56,61.994,-49.6678,25.07,81,92,4.5
25,Butaritari,KI,2022-03-27 23:01:56,3.0707,172.7902,81.03,65,90,7.67
26,Port Alfred,ZA,2022-03-27 23:01:57,-33.5906,26.891,70.18,84,99,21.14
27,Busselton,AU,2022-03-27 23:01:57,-33.65,115.3333,58.42,69,0,14.41
28,Hamilton,US,2022-03-27 23:01:57,39.1834,-84.5333,39.94,48,7,5.01
29,San Ignacio,BZ,2022-03-27 23:01:58,17.1561,-89.0714,74.97,79,91,5.48
30,Tasiilaq,GL,2022-03-27 23:01:58,65.6145,-37.6368,26.76,78,100,12.55
31,Kaitangata,NZ,2022-03-27 23:01:58,-46.2817,169.8464,62.98,67,4,3.04
32,Punta Arenas,CL,2022-03-27 23:00:14,-53.15,-70.9167,48.11,66,46,13.29
33,Port Lincoln,AU,2022-03-27 23:01:59,-34.7333,135.8667,66.76,80,20,8.32
34,Rikitea,PF,2022-03-27 23:01:59,-23.1203,-134.9692,79.14,66,14,9.44
35,Bardiyah,LY,2022-03-27 23:02:00,31.7561,25.0865,57.51,69,2,8.63
36,Westport,US,2022-03-27 22:58:14,41.1415,-73.3579,40.08,55,100,11.01
37,Itarema,BR,2022-03-27 23:02:00,-2.9248,-39.9167,77.68,89,100,8.34
38,Opportunity,US,2022-03-27 23:02:01,47.6499,-117.2399,67.3,43,20,1.01
39,Ixtapa,MX,2022-03-27 23:02:01,20.7,-105.2,85.03,32,36,6.82
40,Salalah,OM,2022-03-27 23:01:16,17.0151,54.0924,78.96,35,4,7.2
41,Pingliang,CN,2022-03-27 23:02:01,35.5392,106.6861,38.59,76,14,4.41
42,Pangnirtung,CA,2022-03-27 22:57:37,66.1451,-65.7125,17.11,69,95,6.35
43,Coquimbo,CL,2022-03-27 22:59:25,-29.9533,-71.3436,60.53,88,75,9.22
44,Ocampo,MX,2022-03-27 22:59:43,21.65,-101.5,75.11,10,1,9.57
45,Kintampo,GH,2022-03-27 23:03:02,8.0563,-1.7306,86.29,39,22,6.85
46,Luderitz,NA,2022-03-27 22:59:13,-26.6481,15.1594,64.65,68,0,5.75
47,Rocha,UY,2022-03-27 23:03:03,-34.4833,-54.3333,62.85,54,0,4.18
48,Gayeri,BF,2022-03-27 23:03:04,12.6497,0.4931,85.82,11,1,10.18
49,Jamestown,US,2022-03-27 23:01:27,42.097,-79.2353,20.71,61,100,18.41
50,Hermon,US,2022-03-27 23:02:35,44.8101,-68.9134,43.12,73,100,6.98
51,Hambantota,LK,2022-03-27 23:02:27,6.1241,81.1185,78.04,86,16,5.17
52,Hobart,AU,2022-03-27 23:03:05,-42.8794,147.3294,64.26,77,0,6.91
53,Elizabeth City,US,2022-03-27 23:03:05,36.2946,-76.2511,53.02,38,43,5.01
54,Laguna,US,2022-03-27 23:03:06,38.421,-121.4238,72.43,57,0,12.66
55,Muroto,JP,2022-03-27 23:03:06,33.2833,134.15,57.42,63,100,12.97
56,Ustrzyki Dolne,PL,2022-03-27 23:03:07,49.4304,22.5938,33.13,100,40,3.87
57,Mataura,NZ,2022-03-27 23:03:07,-46.1927,168.8643,66.81,56,3,2.62
58,Bengkulu,ID,2022-03-27 23:03:08,-3.8004,102.2655,73.4,88,74,5.32
59,Deputatskiy,RU,2022-03-27 23:03:08,69.3,139.9,-4.29,85,41,3.2
60,Lady Frere,ZA,2022-03-27 23:03:09,-31.7031,27.2329,58.14,56,83,4.54
61,Black River,JM,2022-03-27 23:03:09,18.0264,-77.8487,79.88,67,65,2.57
62,Henties Bay,NA,2022-03-27 22:59:28,-22.116,14.2845,64.78,89,1,6.46
63,Myaundzha,RU,2022-03-27 23:01:02,63.0494,147.1858,-5.96,92,69,4.41
64,Saskylakh,RU,2022-03-27 23:03:10,71.9167,114.0833,-6.34,99,100,3.49
65,Karsava,LV,2022-03-27 23:03:10,56.7841,27.6883,30.56,73,100,13.44
66,Bluff,NZ,2022-03-27 23:03:11,-46.6,168.3333,58.53,75,10,1.95
67,Yumen,CN,2022-03-27 23:03:11,40.2833,97.2,42.55,26,86,13.09
68,Beringovskiy,RU,2022-03-27 23:03:11,63.05,179.3167,7.23,85,40,6.71
69,Hermanus,ZA,2022-03-27 23:03:12,-34.4187,19.2345,65.8,67,98,3.15
70,Atescatempa,GT,2022-03-27 23:03:12,14.1744,-89.7425,81.23,42,100,11.59
71,Vostok,RU,2022-03-27 23:03:13,46.4856,135.8833,23.7,91,100,4.81
72,Chapais,CA,2022-03-27 23:03:13,49.7834,-74.8492,4.78,92,100,11.7
73,Margate,GB,2022-03-27 23:03:13,51.3813,1.3862,46.31,91,1,1.99
74,Nanortalik,GL,2022-03-27 23:03:14,60.1432,-45.2371,29.03,81,72,6.49
75,Castro,BR,2022-03-27 23:03:14,-24.7911,-50.0119,64.36,79,5,0.45
76,Shambu,ET,2022-03-27 23:03:15,9.5667,37.1,57.13,34,16,2.04
77,Bose,IT,2022-03-27 23:03:16,45.4612,8.0137,53.29,36,40,6.06
78,Fort Wellington,GY,2022-03-27 23:03:16,6.4,-57.6,77.02,82,98,10.8
79,Severo-Kurilsk,RU,2022-03-27 23:03:16,50.6789,156.125,33.26,90,79,25.7
80,Nerchinskiy Zavod,RU,2022-03-27 23:03:17,51.3088,119.61,19.22,61,27,5.88
81,Qasigiannguit,GL,2022-03-27 23:03:17,68.8193,-51.1922,20.17,69,47,8.48
82,Cape Town,ZA,2022-03-27 23:00:04,-33.9258,18.4232,69.12,68,44,6.96
83,Cervo,ES,2022-03-27 23:00:52,43.6702,-7.4101,54.97,74,100,2.01
84,Pontal Do Parana,BR,2022-03-27 23:03:18,-25.6533,-48.5128,74.98,89,79,4.23
85,Vaini,TO,2022-03-27 23:03:18,-21.2,-175.2,80.35,64,42,7.67
86,Avarua,CK,2022-03-27 23:03:19,-21.2078,-159.775,84.25,79,75,6.91
87,Visegrad,BA,2022-03-27 23:04:19,43.7847,19.2992,46.51,81,1,1.07
88,Verkhnyaya Inta,RU,2022-03-27 23:04:20,65.9811,60.3094,22.66,80,100,11.59
89,Port Hawkesbury,CA,2022-03-27 23:04:20,45.6169,-61.3485,41.9,91,82,3.0
90,Ahipara,NZ,2022-03-27 23:04:21,-35.1667,173.1667,69.82,57,0,5.53
91,Mporokoso,ZM,2022-03-27 23:04:21,-9.3727,30.125,61.52,96,74,3.56
92,Haverfordwest,GB,2022-03-27 23:04:22,51.8017,-4.9691,42.06,88,0,7.25
93,Arlit,NE,2022-03-27 23:04:22,18.7369,7.3853,76.05,6,10,6.31
94,Quatre Cocos,MU,2022-03-27 23:04:23,-20.2078,57.7625,76.08,74,10,7.4
95,Atambua,ID,2022-03-27 23:04:23,-9.1061,124.8925,74.64,85,74,1.7
96,Huarmey,PE,2022-03-27 23:04:23,-10.0681,-78.1522,73.45,76,96,10.27
97,Kodiak,US,2022-03-27 23:02:25,57.79,-152.4072,34.14,99,100,33.55
98,Berlevag,NO,2022-03-27 23:04:24,70.8578,29.0864,15.8,72,100,7.65
99,Mar Del Plata,AR,2022-03-27 23:02:20,-38.0023,-57.5575,62.87,70,0,5.99
100,Geraldton,AU,2022-03-27 23:02:50,-28.7667,114.6,72.01,83,74,12.66
101,Kungurtug,RU,2022-03-27 23:04:25,50.5994,97.5228,16.48,98,100,1.28
102,Hovd,MN,2022-03-27 23:04:25,48.0056,91.6419,31.24,45,8,9.82
103,Jumla,NP,2022-03-27 23:04:26,29.2747,82.1838,45.37,54,2,3.85
104,Santa Fe,AR,2022-03-27 23:04:26,-31.6333,-60.7,66.9,94,5,4.32
105,Sinnamary,GF,2022-03-27 23:04:26,5.3833,-52.95,77.56,87,96,13.0
106,Pombas,CV,2022-03-27 23:04:27,17.1503,-25.0201,69.58,81,80,12.62
107,Khatanga,RU,2022-03-27 23:03:20,71.9667,102.5,-21.44,100,92,4.88
108,Norman Wells,CA,2022-03-27 23:01:42,65.282,-126.8329,12.94,86,100,2.46
109,Saint-Leu,RE,2022-03-27 23:04:28,-21.15,55.2833,77.86,84,66,1.81
110,Sobolevo,RU,2022-03-27 23:04:28,54.4299,31.8996,22.01,74,99,5.88
111,Layou,VC,2022-03-27 23:04:28,13.2,-61.2667,76.03,76,98,13.31
112,Sisimiut,GL,2022-03-27 23:04:29,66.9395,-53.6735,22.8,63,16,13.04
113,Kruisfontein,ZA,2022-03-27 23:04:29,-34.0033,24.7314,63.88,81,81,5.23
114,Miri,MY,2022-03-27 23:04:30,4.4148,114.0089,73.56,88,80,4.9
115,Sioux Lookout,CA,2022-03-27 23:04:30,50.1001,-91.917,14.56,79,100,8.95
116,Sao Joao Da Barra,BR,2022-03-27 23:04:30,-21.6403,-41.0511,77.77,90,0,11.18
117,Ciudad Bolivar,VE,2022-03-27 23:04:31,8.1222,-63.5497,88.16,49,78,17.2
118,Cordoba,AR,2022-03-27 23:03:27,-31.4135,-64.1811,73.42,55,22,7.78
119,Bambous Virieux,MU,2022-03-27 23:04:31,-20.3428,57.7575,76.21,73,10,7.11
120,Thames,NZ,2022-03-27 23:04:32,-37.1333,175.5333,63.57,64,40,5.84
121,Morros,BR,2022-03-27 23:04:32,-9.4467,-46.3003,76.21,74,53,3.71
122,Eravur,LK,2022-03-27 23:04:33,7.7733,81.6095,77.72,87,6,4.74
123,Barrow,US,2022-03-27 23:00:02,71.2906,-156.7887,-0.8,91,65,17.76
124,Yarada,IN,2022-03-27 23:04:34,17.65,83.2667,80.06,86,36,9.95
125,Anadyr,RU,2022-03-27 23:04:34,64.75,177.4833,0.1,84,75,6.71
126,Srednekolymsk,RU,2022-03-27 23:04:35,67.45,153.6833,6.24,81,45,3.36
127,Labuhan,ID,2022-03-27 23:04:35,-6.8844,112.2051,78.89,83,96,6.82
128,Bilibino,RU,2022-03-27 23:04:35,68.0546,166.4372,-0.13,92,100,1.92
129,Chuy,UY,2022-03-27 23:01:47,-33.6971,-53.4616,64.13,71,0,1.34
130,Clyde River,CA,2022-03-27 23:03:19,70.4692,-68.5914,-1.66,95,99,4.45
131,San Patricio,US,2022-03-27 23:04:36,28.017,-97.5169,84.29,44,99,17.58
132,Batemans Bay,AU,2022-03-27 23:05:37,-35.7167,150.1833,67.1,81,97,2.8
133,Komsomolskiy,UZ,2022-03-27 23:05:15,40.4272,71.7189,46.09,64,5,0.81
134,Trindade,BR,2022-03-27 23:05:37,-16.6494,-49.4889,71.35,80,85,2.15
135,Puerto Ayora,EC,2022-03-27 23:05:37,-0.7393,-90.3518,80.31,78,97,11.79
136,Anloga,GH,2022-03-27 23:05:38,5.7947,0.8973,82.47,86,48,14.94
137,Senno,RU,2022-03-27 23:05:38,59.5336,33.9167,10.26,95,97,4.85
138,Brae,GB,2022-03-27 23:05:39,60.3964,-1.353,47.32,86,3,17.31
139,Ust-Nera,RU,2022-03-27 23:05:39,64.5667,143.2,-5.3,98,77,0.89
140,Avera,US,2022-03-27 23:05:39,33.194,-82.5271,65.71,39,5,13.22
141,Iqaluit,CA,2022-03-27 23:05:40,63.7506,-68.5145,17.33,100,100,2.3
142,Nikolskoye,RU,2022-03-27 23:05:24,59.7035,30.7861,25.72,85,100,8.99
143,Ada,US,2022-03-27 23:05:40,43.4166,-116.1262,65.34,39,0,8.05
144,Albany,US,2022-03-27 23:02:40,42.6001,-73.9662,29.95,60,100,3.0
145,Whitehorse,CA,2022-03-27 23:05:41,60.7161,-135.0538,37.09,48,88,1.99
146,Bulalacao,PH,2022-03-27 23:05:41,12.3254,121.3435,80.58,78,54,13.02
147,Touros,BR,2022-03-27 23:05:41,-5.1989,-35.4608,80.1,83,50,10.36
148,Broken Hill,AU,2022-03-27 23:05:42,-31.95,141.4333,72.55,48,59,4.88
149,Mahebourg,MU,2022-03-27 23:01:28,-20.4081,57.7,76.24,73,8,7.2
150,Longyearbyen,SJ,2022-03-27 23:05:42,78.2186,15.6401,8.44,61,36,13.8
151,Hudson Bay,CA,2022-03-27 23:05:43,52.85,-102.3842,25.03,70,100,7.4
152,Rapid Valley,US,2022-03-27 23:05:43,44.0625,-103.1463,62.73,30,0,23.02
153,Kokoda,PG,2022-03-27 23:05:44,-8.8785,147.7407,82.9,76,85,2.08
154,Constitucion,CL,2022-03-27 23:05:44,-35.3333,-72.4167,57.58,78,84,13.71
155,Ancud,CL,2022-03-27 23:05:44,-41.8697,-73.8203,54.23,80,47,14.25
156,Fukue,JP,2022-03-27 23:05:45,32.6881,128.8419,54.88,65,100,10.36
157,Bella Union,UY,2022-03-27 23:05:45,-30.2752,-57.6007,67.44,65,35,5.64
158,Doha,QA,2022-03-27 23:05:46,25.2867,51.5333,66.18,46,0,17.27
159,Antofagasta,CL,2022-03-27 23:05:46,-23.65,-70.4,63.68,82,25,7.52
160,Sukpak,RU,2022-03-27 23:05:46,51.6667,94.6333,13.71,93,100,1.72
161,Esperance,AU,2022-03-27 23:05:47,-33.8667,121.9,62.76,70,97,11.65
162,Walvis Bay,NA,2022-03-27 23:05:47,-22.9575,14.5053,62.1,85,2,4.81
163,Galle,LK,2022-03-27 23:05:48,6.0367,80.217,77.04,89,20,6.89
164,Bud,US,2022-03-27 23:05:48,39.447,-86.1758,41.68,52,8,10.96
165,Oranjestad,AW,2022-03-27 23:02:11,12.524,-70.027,77.85,86,15,23.26
166,Carballo,ES,2022-03-27 23:05:49,43.213,-8.691,59.9,80,100,1.54
167,Bafoulabe,ML,2022-03-27 23:05:49,13.8065,-10.8321,94.17,13,70,3.89
168,Sitka,US,2022-03-27 23:05:49,57.0531,-135.33,44.49,70,0,6.91
169,Portland,US,2022-03-27 23:03:39,45.5234,-122.6762,69.91,59,75,3.44
170,Hasaki,JP,2022-03-27 23:05:50,35.7333,140.8333,55.29,75,90,13.82
171,Yabelo,ET,2022-03-27 23:05:50,4.8833,38.0833,65.12,56,52,4.83
172,Georgetown,MY,2022-03-27 23:03:46,5.4112,100.3354,80.53,83,20,0.0
173,Kyabe,TD,2022-03-27 23:05:51,9.4515,18.9449,83.48,12,26,5.99
174,Viana,BR,2022-03-27 23:05:51,-20.3903,-40.4961,80.37,91,2,4.32
175,Khandyga,RU,2022-03-27 23:05:51,62.6667,135.6,0.03,86,87,3.38
176,San Jeronimo,PE,2022-03-27 23:05:20,-11.9472,-75.2829,53.74,80,80,5.77
177,New Norfolk,AU,2022-03-27 23:05:52,-42.7826,147.0587,62.92,61,93,2.26
178,Miracema Do Tocantins,BR,2022-03-27 23:05:52,-9.5618,-48.3967,76.24,89,92,0.09
179,Leningradskiy,RU,2022-03-27 23:05:53,69.3833,178.4167,-0.85,83,14,2.91
180,Dikson,RU,2022-03-27 23:06:53,73.5069,80.5464,-17.93,100,21,3.56
181,Panaba,MX,2022-03-27 23:06:54,21.2833,-88.2667,80.89,40,1,20.49
182,Lukovetskiy,RU,2022-03-27 23:06:54,64.2956,41.9211,5.09,95,9,3.94
183,Yellowknife,CA,2022-03-27 23:06:54,62.456,-114.3525,17.42,60,100,5.01
184,Tuktoyaktuk,CA,2022-03-27 23:06:55,69.4541,-133.0374,-5.76,81,2,8.21
185,Gamba,GA,2022-03-27 23:02:53,-2.65,10.0,77.61,93,77,7.72
186,Talnakh,RU,2022-03-27 23:03:46,69.4865,88.3972,3.07,97,100,5.28
187,Biak,ID,2022-03-27 23:06:30,-0.9131,122.8766,77.68,80,100,1.07
188,Kita,ML,2022-03-27 23:06:56,13.0349,-9.4895,87.01,40,100,7.09
189,Ouanaminthe,HT,2022-03-27 23:06:56,19.55,-71.7333,74.8,83,97,9.75
190,Sao Jose Da Coroa Grande,BR,2022-03-27 23:06:57,-8.8978,-35.1478,78.76,85,89,8.21
191,Poum,NC,2022-03-27 23:06:57,-20.2333,164.0167,81.72,72,31,17.49
192,Narsaq,GL,2022-03-27 23:06:57,60.9167,-46.05,39.42,66,89,7.94
193,Winneba,GH,2022-03-27 23:06:58,5.3511,-0.6231,81.05,87,90,8.23
194,Lake Havasu City,US,2022-03-27 23:06:58,34.4839,-114.3224,93.99,4,0,12.66
195,Camargo,MX,2022-03-27 23:06:59,27.6667,-105.1667,84.74,6,100,3.76
196,Bayji,IQ,2022-03-27 23:06:59,34.9311,43.487,51.03,62,0,10.09
197,Ponta Delgada,PT,2022-03-27 23:06:59,37.7333,-25.6667,59.72,82,75,11.5
198,Vila Velha,BR,2022-03-27 23:02:54,-20.3297,-40.2925,79.95,88,1,11.01
199,Singleton,AU,2022-03-27 23:07:00,-32.5667,151.1833,71.98,95,100,1.01
200,Kavaratti,IN,2022-03-27 23:07:01,10.5669,72.642,82.27,74,6,6.42
201,Kyren,RU,2022-03-27 23:07:01,51.6828,102.1408,13.59,97,100,1.45
202,Port Macquarie,AU,2022-03-27 23:07:01,-31.4333,152.9167,67.89,100,75,0.0
203,The Valley,AI,2022-03-27 23:07:02,18.217,-63.0578,76.86,74,24,11.95
204,Balykshi,KZ,2022-03-27 23:07:02,47.0667,51.8667,39.2,87,75,22.37
205,Maridi,SS,2022-03-27 23:07:03,4.9158,29.4742,71.11,66,90,4.56
206,Yulara,AU,2022-03-27 23:07:03,-25.2406,130.9889,73.24,20,74,6.91
207,Maputo,MZ,2022-03-27 23:07:03,-25.9653,32.5892,73.22,87,58,5.99
208,Xuddur,SO,2022-03-27 23:07:04,4.1213,43.8894,76.96,49,42,12.77
209,Saint George,US,2022-03-27 23:04:04,37.1041,-113.5841,84.63,9,0,19.57
210,Lorengau,PG,2022-03-27 23:07:04,-2.0226,147.2712,82.81,75,96,5.3
211,Van,TR,2022-03-27 23:04:57,38.4924,43.3831,33.15,64,40,9.22
212,Waingapu,ID,2022-03-27 23:07:05,-9.6567,120.2641,79.0,80,70,3.36
213,Inhambane,MZ,2022-03-27 23:04:21,-23.865,35.3833,74.03,86,5,7.2
214,Awjilah,LY,2022-03-27 23:07:06,29.1081,21.2869,61.23,24,0,10.63
215,Pisco,PE,2022-03-27 23:07:06,-13.7,-76.2167,71.65,73,0,18.41
216,Shubarkuduk,KZ,2022-03-27 23:07:06,49.1447,56.4872,35.29,89,100,21.5
217,Ilulissat,GL,2022-03-27 23:05:02,69.2167,-51.1,20.07,68,65,9.17
218,Tiznit,MA,2022-03-27 23:07:07,29.5833,-9.5,62.58,46,100,4.21
219,Ponta Do Sol,PT,2022-03-27 23:07:08,32.6667,-17.1,60.06,79,23,4.45
220,Mumford,GH,2022-03-27 23:07:08,5.2618,-0.759,81.28,87,76,8.79
221,Kidal,ML,2022-03-27 23:07:08,18.4411,1.4078,81.93,8,16,10.49
222,Igboho,NG,2022-03-27 23:07:09,8.8333,3.75,80.42,42,12,5.73
223,Bend,US,2022-03-27 23:05:26,44.0582,-121.3153,64.15,34,0,8.05
224,Kahului,US,2022-03-27 23:07:10,20.8947,-156.47,86.02,39,40,19.57
225,Tukrah,LY,2022-03-27 23:07:10,32.5341,20.5791,63.48,36,99,12.06
226,Ostrovnoy,RU,2022-03-27 23:07:10,68.0531,39.5131,18.79,78,100,5.73
227,Adrar,MR,2022-03-27 23:04:46,20.5022,-10.0711,78.06,12,7,2.91
228,Dumalaguing,PH,2022-03-27 23:08:11,8.3469,125.055,70.41,93,92,3.09
229,Arraial Do Cabo,BR,2022-03-27 23:08:11,-22.9661,-42.0278,77.31,90,7,7.31
230,Coahuayana,MX,2022-03-27 23:08:12,18.7333,-103.6833,85.64,34,14,6.69
231,Pevek,RU,2022-03-27 23:08:12,69.7008,170.3133,-11.04,95,41,7.72
232,La Peca,PE,2022-03-27 23:08:12,-5.6111,-78.435,74.59,77,97,4.81
233,Bethel,US,2022-03-27 23:08:13,41.3712,-73.414,38.53,62,100,6.91
234,Teya,RU,2022-03-27 23:08:13,60.3778,92.6267,-8.09,100,99,3.71
235,Teguise,ES,2022-03-27 23:08:14,29.0605,-13.564,61.02,77,20,5.75
236,Bubaque,GW,2022-03-27 23:08:14,11.2833,-15.8333,76.15,67,94,20.62
237,Yunyang,CN,2022-03-27 23:08:14,33.4474,112.7142,45.93,58,49,1.23
238,Havoysund,NO,2022-03-27 23:08:15,70.9963,24.6622,19.63,69,33,5.19
239,Spas-Demensk,RU,2022-03-27 23:08:15,54.4122,34.0226,20.8,75,85,7.67
240,Carnarvon,AU,2022-03-27 23:08:16,-24.8667,113.6333,68.07,88,2,5.75
241,Lokosovo,RU,2022-03-27 23:08:16,61.1333,74.8167,12.96,94,100,9.22
242,Victoria,HK,2022-03-27 23:08:16,22.2855,114.1577,63.95,94,100,5.01
243,Sayyan,YE,2022-03-27 23:08:17,15.1718,44.3244,51.46,25,15,6.15
244,Cidreira,BR,2022-03-27 23:07:13,-30.1811,-50.2056,69.31,80,0,7.52
245,Upernavik,GL,2022-03-27 23:08:17,72.7868,-56.1549,16.02,76,96,3.53
246,Matagami,CA,2022-03-27 23:08:18,49.7502,-77.6328,-0.29,78,100,13.8
247,Aklavik,CA,2022-03-27 23:08:18,68.2191,-135.0107,3.97,83,92,3.44
248,Okhotsk,RU,2022-03-27 23:08:19,59.3833,143.3,4.59,75,1,17.74
249,Guerrero Negro,MX,2022-03-27 23:05:23,27.9769,-114.0611,69.46,53,100,12.28
250,Pakhtakoron,TJ,2022-03-27 23:08:19,40.1571,68.7466,46.9,61,7,4.41
251,Padang,ID,2022-03-27 23:08:20,-0.9492,100.3543,66.25,62,47,4.03
252,Codrington,AU,2022-03-27 23:05:13,-38.2667,141.9667,65.41,69,86,8.43
253,Gigmoto,PH,2022-03-27 23:08:20,13.7796,124.39,79.84,84,100,7.34
254,Torbay,CA,2022-03-27 23:05:31,47.6666,-52.7314,40.28,91,100,1.01
255,Paso De Carrasco,UY,2022-03-27 23:08:21,-34.8603,-56.0522,68.25,59,0,5.75
256,Cururupu,BR,2022-03-27 23:08:21,-1.8283,-44.8683,74.73,97,100,2.84
257,Rawson,AR,2022-03-27 23:07:15,-43.3002,-65.1023,67.91,25,0,7.49
258,Beidao,CN,2022-03-27 23:08:22,34.5686,105.8933,49.68,70,58,9.64
259,Rimavska Sobota,SK,2022-03-27 23:08:22,48.3828,20.0224,48.65,46,8,1.25
260,Lanzhou,CN,2022-03-27 23:08:22,36.0564,103.7922,45.37,41,8,4.0
261,Dali,CN,2022-03-27 23:08:23,25.7,100.1833,45.72,91,37,0.65
262,Buraydah,SA,2022-03-27 23:08:23,26.326,43.975,58.15,27,0,9.42
263,Ampanihy,MG,2022-03-27 23:08:24,-24.7,44.75,71.76,92,100,11.03
264,Bosaso,SO,2022-03-27 23:08:24,11.2842,49.1816,75.36,58,3,2.37
265,Kenai,US,2022-03-27 23:08:25,60.5544,-151.2583,40.03,62,100,17.27
266,Kwinana,AU,2022-03-27 23:08:25,-32.25,115.7667,65.23,100,68,15.5
267,Stornoway,GB,2022-03-27 23:08:25,58.2093,-6.3865,44.92,81,54,0.0
268,Northam,GB,2022-03-27 23:07:55,51.0333,-4.2167,48.38,88,0,7.63
269,Lagoa,PT,2022-03-27 23:08:26,39.05,-27.9833,58.73,85,99,10.63
270,Muscat,OM,2022-03-27 23:08:22,23.6139,58.5922,77.02,43,0,8.43
271,Aksu,CN,2022-03-27 23:08:26,41.1231,80.2644,48.45,45,85,2.33
272,Kavieng,PG,2022-03-27 23:08:27,-2.5744,150.7967,83.66,71,82,8.63
273,Southbridge,US,2022-03-27 23:08:27,42.0751,-72.0334,40.12,62,96,5.01
274,Harper,LR,2022-03-27 23:08:28,4.375,-7.7169,80.19,88,86,4.56
275,Petropavlovsk-Kamchatskiy,RU,2022-03-27 23:08:28,53.0452,158.6483,31.78,100,100,6.71
276,Port Elizabeth,ZA,2022-03-27 23:09:29,-33.918,25.5701,66.09,99,100,1.99
277,Smidovich,RU,2022-03-27 23:09:29,48.6,133.8167,21.78,94,98,5.08
278,Bariadi,TZ,2022-03-27 23:09:30,-2.8,33.9833,66.11,91,96,5.95
279,Lebu,CL,2022-03-27 23:09:30,-37.6167,-73.65,55.74,80,0,10.74
280,Tahoua,NE,2022-03-27 23:09:31,14.8888,5.2692,77.23,7,2,11.77
281,Cascais,PT,2022-03-27 23:08:30,38.6979,-9.4215,64.94,62,98,5.01
282,Burns Lake,CA,2022-03-27 23:09:31,54.2331,-125.7533,39.09,72,100,3.24
283,Karratha,AU,2022-03-27 23:09:32,-20.7377,116.8463,81.59,67,100,6.89
284,Hvide Sande,DK,2022-03-27 23:09:32,56.0045,8.1294,42.1,91,76,14.14
285,Bandar-E Lengeh,IR,2022-03-27 23:09:00,26.5579,54.8807,73.27,43,0,19.46
286,Sawtell,AU,2022-03-27 23:09:32,-30.3833,153.1,71.19,94,40,0.0
287,Fortuna,US,2022-03-27 23:09:33,40.5982,-124.1573,64.92,71,0,8.05
288,Tremedal,BR,2022-03-27 23:09:33,-14.9758,-41.4108,76.82,67,68,8.03
289,Faanui,PF,2022-03-27 23:09:23,-16.4833,-151.75,82.02,72,18,12.77
290,Yurino,RU,2022-03-27 23:09:34,56.2942,46.3039,21.74,82,100,12.95
291,Kabanjahe,ID,2022-03-27 23:09:34,3.1001,98.4908,60.55,76,23,1.41
292,Mecca,SA,2022-03-27 23:08:48,21.4267,39.8261,72.63,42,0,3.11
293,Carutapera,BR,2022-03-27 23:09:35,-1.195,-46.02,76.57,90,100,5.88
294,Churapcha,RU,2022-03-27 23:09:35,62.0025,132.4325,6.12,97,100,4.79
295,Hobyo,SO,2022-03-27 23:09:35,5.3505,48.5268,79.9,64,100,12.8
296,Sarakhs,IR,2022-03-27 23:09:36,36.5449,61.1577,50.54,49,0,7.61
297,Ereymentau,KZ,2022-03-27 23:09:36,51.6199,73.1033,26.71,97,100,4.65
298,Valparaiso,CL,2022-03-27 23:07:18,-33.0393,-71.6273,66.43,62,0,13.8
299,Hithadhoo,MV,2022-03-27 23:09:37,-0.6,73.0833,81.63,65,6,6.17
300,Vanimo,PG,2022-03-27 23:09:37,-2.6741,141.3028,83.1,69,92,3.85
301,Muros,ES,2022-03-27 23:04:44,42.7762,-9.0603,56.08,82,100,5.26
302,Frei Paulo,BR,2022-03-27 23:09:38,-10.5494,-37.5344,74.75,86,100,6.93
303,Chiredzi,ZW,2022-03-27 23:09:38,-21.05,31.6667,66.0,97,12,0.96
304,Praia Da Vitoria,PT,2022-03-27 23:09:38,38.7333,-27.0667,60.76,87,87,9.24
305,Kawalu,ID,2022-03-27 23:09:39,-7.3817,108.2082,71.83,97,100,3.2
306,Hualmay,PE,2022-03-27 23:09:39,-11.0964,-77.6139,72.61,77,97,10.38
307,Ewa Beach,US,2022-03-27 23:08:13,21.3156,-158.0072,80.1,61,100,9.22
308,Kattivakkam,IN,2022-03-27 23:09:40,13.2167,80.3167,82.49,91,25,10.38
309,Los Angeles,US,2022-03-27 23:05:27,34.0522,-118.2437,75.54,57,0,13.8
310,Riyadh,SA,2022-03-27 23:08:33,24.6877,46.7219,59.14,26,0,9.62
311,Dolores,AR,2022-03-27 23:09:40,-36.3132,-57.6792,63.48,58,0,6.33
312,Shelburne,CA,2022-03-27 23:08:25,44.0787,-80.2041,15.76,81,99,17.78
313,Eirunepe,BR,2022-03-27 23:09:41,-6.6603,-69.8736,73.63,99,99,0.87
314,Souillac,MU,2022-03-27 23:09:41,-20.5167,57.5167,76.91,79,11,7.02
315,Ust-Omchug,RU,2022-03-27 23:09:42,61.15,149.6333,-0.89,95,84,6.49
316,Yerbogachen,RU,2022-03-27 23:09:42,61.2767,108.0108,14.04,95,100,8.14
317,Sucre,BO,2022-03-27 23:08:22,-19.0333,-65.2627,55.65,74,64,4.56
318,Boa Vista,BR,2022-03-27 23:09:43,2.8197,-60.6733,84.18,65,20,11.5
319,Simao,CN,2022-03-27 23:09:43,22.7886,100.9748,55.24,80,1,2.57
320,Erzurum,TR,2022-03-27 23:10:44,40.0,41.5,24.48,96,47,7.9
321,Tharad,IN,2022-03-27 23:10:44,24.3961,71.6267,74.77,48,6,4.9
322,Mikhaylovskoye,RU,2022-03-27 23:10:44,51.8239,79.7172,28.98,98,100,5.01
323,Marsh Harbour,BS,2022-03-27 23:10:45,26.5412,-77.0636,71.64,50,0,18.3
324,Flinders,AU,2022-03-27 23:10:45,-34.5833,150.8552,71.19,94,96,7.0
325,Ribeira Grande,PT,2022-03-27 23:10:45,38.5167,-28.7,60.15,85,100,16.98
326,Belmonte,BR,2022-03-27 23:07:02,-15.8631,-38.8828,78.17,80,7,6.13
327,Launceston,AU,2022-03-27 23:09:54,-41.45,147.1667,64.04,92,40,5.75
328,Puerto El Triunfo,SV,2022-03-27 23:10:46,13.2833,-88.55,85.23,51,59,6.82
329,Suez,EG,2022-03-27 23:10:46,29.9737,32.5263,55.2,70,0,9.64
330,Vertou,FR,2022-03-27 23:10:47,47.1687,-1.4693,57.18,58,0,6.91
331,Garhakota,IN,2022-03-27 23:10:47,23.7667,79.15,77.61,13,5,1.45
332,Takoradi,GH,2022-03-27 23:10:48,4.8845,-1.7554,80.96,85,73,7.05
333,Tucuman,AR,2022-03-27 23:10:48,-26.8241,-65.2226,71.6,68,0,2.3
334,Maceio,BR,2022-03-27 23:10:49,-9.6658,-35.7353,78.24,88,75,2.3
335,Kemin,KG,2022-03-27 23:10:49,42.7846,75.6892,30.99,75,27,3.83
336,Ratnagiri,IN,2022-03-27 23:10:49,16.9833,73.3,76.19,85,12,5.12
337,Levelland,US,2022-03-27 23:10:50,33.5873,-102.378,90.19,4,74,11.48
338,Kaabong,UG,2022-03-27 23:10:50,3.4836,34.1492,67.82,74,87,3.49
339,Candolim,IN,2022-03-27 23:08:25,15.5181,73.7626,82.4,74,40,8.05
340,Kudahuvadhoo,MV,2022-03-27 23:10:51,2.6708,72.8944,80.92,71,73,5.3
341,Tirumullaivasal,IN,2022-03-27 23:10:51,11.2333,79.8333,80.08,80,6,6.46
342,Malakal,SS,2022-03-27 23:10:51,9.5334,31.6605,82.89,16,37,7.67
343,Robertsport,LR,2022-03-27 23:10:52,6.7533,-11.3686,80.44,87,96,9.26
344,Keningau,MY,2022-03-27 23:10:52,5.3378,116.1602,70.97,97,100,0.76
345,Monster,NL,2022-03-27 23:10:53,52.0258,4.175,48.18,80,0,3.44
346,Ugoofaaru,MV,2022-03-27 23:10:53,5.6667,73.0,82.63,69,61,7.54
347,Erdaojiang,CN,2022-03-27 23:10:54,41.7764,126.0319,34.12,44,0,3.87
348,Semey,KZ,2022-03-27 23:10:54,50.4111,80.2275,31.78,92,100,13.31
349,Nizwa,OM,2022-03-27 23:06:53,22.9333,57.5333,75.13,27,0,0.36
350,Sur,OM,2022-03-27 23:10:54,22.5667,59.5289,79.59,47,0,3.36
351,Pundaguitan,PH,2022-03-27 23:10:55,6.3711,126.1689,80.67,75,80,7.2
352,Jiamusi,CN,2022-03-27 23:10:55,46.8333,130.35,34.75,64,6,6.29
353,Kitui,KE,2022-03-27 23:10:56,-1.367,38.0106,64.45,96,43,3.49
354,Chardara,KZ,2022-03-27 23:10:56,41.2547,67.9692,47.16,57,5,6.78
355,Yichang,CN,2022-03-27 23:10:56,30.7144,111.2847,52.95,76,0,0.76
356,Pochutla,MX,2022-03-27 23:10:57,15.7432,-96.4661,85.82,51,100,6.53
357,Santos Dumont,BR,2022-03-27 23:10:57,-21.4567,-43.5525,67.12,93,65,3.24
358,Marand,IR,2022-03-27 23:10:58,38.4329,45.7749,35.15,64,5,4.34
359,Le Mars,US,2022-03-27 23:10:58,42.7942,-96.1656,38.71,35,100,5.75
360,Ust-Kuyga,RU,2022-03-27 23:10:58,70.0167,135.6,-2.92,99,99,7.61
361,Varkaus,FI,2022-03-27 23:10:59,62.3153,27.873,22.3,94,100,12.64
362,Coihaique,CL,2022-03-27 23:10:59,-45.5752,-72.0662,48.81,87,100,8.05
363,Nakonde,ZM,2022-03-27 23:11:00,-9.3421,32.745,58.73,96,46,4.16
364,Marystown,CA,2022-03-27 23:06:29,47.1666,-55.1483,38.86,100,100,5.01
365,Severnyy,RU,2022-03-27 23:11:00,50.677,36.5532,24.84,54,75,11.18
366,Nouakchott,MR,2022-03-27 23:10:37,18.0858,-15.9785,64.33,81,82,13.35
367,Kamenka,RU,2022-03-27 23:12:01,51.3223,42.7678,23.72,85,100,19.35
368,Zhigansk,RU,2022-03-27 23:12:02,66.7697,123.3711,3.63,98,98,2.66
369,Santa Isabel Do Rio Negro,BR,2022-03-27 23:12:02,-0.4139,-65.0192,74.91,98,95,4.14
370,Hit,IQ,2022-03-27 23:12:03,33.6416,42.8251,52.72,50,0,10.51
371,Quelimane,MZ,2022-03-27 23:08:04,-17.8786,36.8883,75.63,89,96,4.61
372,Bom Jesus,BR,2022-03-27 23:12:03,-9.0744,-44.3586,76.53,80,100,2.13
373,Mersing,MY,2022-03-27 23:12:04,2.4312,103.8405,77.81,85,73,4.7
374,Ravar,IR,2022-03-27 23:12:04,31.2656,56.8055,57.4,9,0,5.32
375,Akureyri,IS,2022-03-27 23:12:04,65.6835,-18.0878,21.63,88,99,3.91
376,Buala,SB,2022-03-27 23:09:21,-8.145,159.5921,81.57,81,100,5.06
377,Zary,PL,2022-03-27 23:12:05,51.6421,15.1373,44.06,65,1,5.46
378,Kantabanji,IN,2022-03-27 23:12:05,20.4833,82.9167,77.04,14,83,1.54
379,Mezhova,UA,2022-03-27 23:12:06,48.2532,36.7347,29.19,50,45,16.33
380,Jalu,LY,2022-03-27 23:07:45,29.0331,21.5482,61.29,23,0,10.69
381,Orangeburg,US,2022-03-27 23:12:06,33.4918,-80.8557,66.49,18,0,11.5
382,Cody,US,2022-03-27 23:12:07,44.5263,-109.0565,68.92,17,0,6.91
383,Araguaina,BR,2022-03-27 23:12:07,-7.1911,-48.2072,76.15,89,98,2.71
384,Lom Sak,TH,2022-03-27 23:12:08,16.7798,101.2422,76.3,76,10,0.25
385,Thompson,CA,2022-03-27 23:12:08,55.7435,-97.8558,14.76,65,23,1.48
386,Isangel,VU,2022-03-27 23:10:49,-19.55,169.2667,82.62,70,51,7.7
387,Alofi,NU,2022-03-27 23:07:21,-19.0595,-169.9187,80.11,80,100,16.91
388,Honiara,SB,2022-03-27 23:12:09,-9.4333,159.95,83.39,75,99,1.48
389,Porto Santo,PT,2022-03-27 23:12:09,33.072,-16.3415,59.38,77,20,4.61
390,North Myrtle Beach,US,2022-03-27 23:08:06,33.816,-78.68,64.49,21,0,6.91
391,Kindu,CD,2022-03-27 23:12:10,-2.95,25.95,70.32,99,100,2.8
392,Wasilla,US,2022-03-27 23:12:10,61.5814,-149.4394,42.01,46,20,14.97
393,Cockburn Town,TC,2022-03-27 23:11:27,21.4612,-71.1419,76.68,71,82,17.58
394,Samarai,PG,2022-03-27 23:10:14,-10.6167,150.6667,83.16,73,98,1.39
395,Kaeo,NZ,2022-03-27 23:12:11,-35.1,173.7833,73.33,64,2,2.91
396,Zhezkazgan,KZ,2022-03-27 23:12:11,47.8043,67.7144,20.21,96,55,3.09
397,Praya,CV,2022-03-27 23:12:11,14.9215,-23.5087,70.34,73,20,12.66
398,Barranca,PE,2022-03-27 23:12:12,-10.75,-77.7667,72.19,76,96,8.14
399,Saint-Pierre,RE,2022-03-27 23:10:45,-21.3393,55.4781,78.48,75,100,3.44
400,Marsa Matruh,EG,2022-03-27 23:12:12,31.3525,27.2453,57.85,71,0,7.52
401,Mildura,AU,2022-03-27 23:12:13,-34.2,142.15,68.07,64,97,2.51
402,Champerico,GT,2022-03-27 23:12:13,14.3,-91.9167,77.54,67,74,7.81
403,Mut,TR,2022-03-27 23:12:14,36.6439,33.4389,45.72,47,0,6.46
404,Fort Nelson,CA,2022-03-27 23:10:34,58.8053,-122.7002,30.65,92,100,0.89
405,Naze,JP,2022-03-27 23:12:14,28.3667,129.4833,63.52,58,95,13.73
406,Estreito,BR,2022-03-27 23:11:39,-5.7833,-43.25,75.74,91,99,1.14
407,Santa Cruz,BO,2022-03-27 23:07:31,-17.8,-63.1667,77.05,65,20,4.61
408,Concepcion Del Uruguay,AR,2022-03-27 23:12:15,-32.4825,-58.2372,68.99,79,0,4.56
409,Opuwo,NA,2022-03-27 23:12:15,-18.0607,13.84,68.49,49,5,3.76
410,Aquiraz,BR,2022-03-27 23:12:16,-3.9014,-38.3911,83.17,83,100,7.56
411,Tarabuco,BO,2022-03-27 23:12:16,-19.1667,-64.9167,53.06,75,31,4.27
412,San Cristobal,VE,2022-03-27 23:12:16,7.7669,-72.225,73.58,74,95,2.95
413,Sterling,US,2022-03-27 23:12:17,39.0062,-77.4286,39.22,49,75,23.02
414,Vila Franca Do Campo,PT,2022-03-27 23:12:17,37.7167,-25.4333,59.41,85,30,9.46
415,Kondoa,TZ,2022-03-27 23:13:18,-4.9,35.7833,64.2,86,75,2.98
416,Muisne,EC,2022-03-27 23:13:18,0.6,-80.0333,79.92,78,89,2.66
417,Rudnogorsk,RU,2022-03-27 23:13:19,57.2639,103.7519,10.69,92,100,8.37
418,Okahandja,NA,2022-03-27 23:13:19,-21.9833,16.9167,68.11,35,0,4.59
419,Sao Gabriel Da Cachoeira,BR,2022-03-27 23:13:19,-0.1303,-67.0892,73.63,98,100,2.37
420,Dzerzhinsk,RU,2022-03-27 23:13:20,56.2389,43.4631,22.82,67,75,11.18
421,Fairbanks,US,2022-03-27 23:10:48,64.8378,-147.7164,39.16,59,0,4.61
422,Owando,CG,2022-03-27 23:13:20,-0.4819,15.8999,74.86,79,89,3.36
423,Balabac,PH,2022-03-27 23:13:21,7.9868,117.0645,79.03,82,95,3.09
424,Kitovo,RU,2022-03-27 23:13:21,56.8659,41.2825,18.75,82,99,14.92
425,Sola,VU,2022-03-27 23:13:21,-13.8833,167.55,82.78,72,98,11.27
426,Umm Lajj,SA,2022-03-27 23:13:22,25.0213,37.2685,78.03,23,62,25.81
427,Vilhena,BR,2022-03-27 23:13:22,-12.7406,-60.1458,72.0,96,100,1.54
428,Olafsvik,IS,2022-03-27 23:13:23,64.8945,-23.7142,32.83,72,100,22.95
429,Velyka Bahachka,UA,2022-03-27 23:13:23,49.7912,33.7226,30.18,49,63,9.66
430,Carmelo,UY,2022-03-27 23:13:24,-33.9892,-58.2856,66.69,61,0,3.13
431,Hereford,GB,2022-03-27 23:13:24,52.0568,-2.7148,48.76,90,94,1.41
432,Langenburg,DE,2022-03-27 23:13:24,49.2544,9.8458,50.7,76,0,6.91
433,Kandry,RU,2022-03-27 23:13:25,54.5667,54.1167,28.98,96,100,7.67
434,Lavrentiya,RU,2022-03-27 23:09:22,65.5833,-171.0,15.78,77,69,3.0
435,Slagelse,DK,2022-03-27 23:13:25,55.4028,11.3546,43.45,67,88,15.52
436,Namasuba,UG,2022-03-27 23:13:26,0.6894,32.4214,64.04,98,100,1.88
437,Wanaka,NZ,2022-03-27 23:11:47,-44.7,169.15,67.86,46,0,2.57
438,Baripada,IN,2022-03-27 23:13:26,21.935,86.7214,75.69,58,73,2.26
439,Tuatapere,NZ,2022-03-27 23:12:12,-46.1333,167.6833,66.54,59,3,1.03
440,Vao,NC,2022-03-27 23:13:27,-22.6667,167.4833,76.6,69,19,16.15
441,Jiayuguan,CN,2022-03-27 23:13:27,39.8167,98.3,45.1,18,95,13.47
442,Kjellerup,DK,2022-03-27 23:13:28,56.2858,9.4353,42.31,93,80,10.36
443,Leh,IN,2022-03-27 23:13:28,34.1667,77.5833,18.81,69,4,2.89
444,Zlobin,HR,2022-03-27 23:13:29,45.2924,14.6541,43.16,76,0,3.44
445,Karoi,ZW,2022-03-27 23:13:29,-16.8099,29.6925,63.07,97,99,3.04
446,Acapulco,MX,2022-03-27 23:10:21,16.8634,-99.8901,84.02,48,100,9.22
447,North Bend,US,2022-03-27 23:11:01,43.4065,-124.2243,58.24,91,20,6.91
448,Tura,IN,2022-03-27 23:11:47,25.5198,90.2201,68.94,59,1,4.07
449,Tarnogskiy Gorodok,RU,2022-03-27 23:13:30,60.4997,43.5761,15.15,87,100,12.35
450,Aloleng,PH,2022-03-27 23:13:30,16.1307,119.7824,80.26,75,63,5.5
451,Kelowna,CA,2022-03-27 23:12:55,49.8831,-119.4857,61.65,57,100,3.0
452,Mandalgovi,MN,2022-03-27 23:13:31,45.7625,106.2708,32.92,34,100,7.23
453,Jining,CN,2022-03-27 23:13:31,35.405,116.5814,42.85,64,84,10.38
454,Yar-Sale,RU,2022-03-27 23:09:26,66.8333,70.8333,12.22,93,100,16.24
455,Sumbe,AO,2022-03-27 23:13:32,-11.2061,13.8437,78.17,88,100,4.56
456,Tiksi,RU,2022-03-27 23:11:46,71.6872,128.8694,-2.99,95,100,4.32
457,Moranbah,AU,2022-03-27 23:13:32,-22.0016,148.0466,75.58,66,0,7.07
458,Los Llanos De Aridane,ES,2022-03-27 23:13:32,28.6585,-17.9182,58.75,90,0,9.22
459,Bougouni,ML,2022-03-27 23:13:33,11.417,-7.479,91.44,32,49,1.72
460,Oksfjord,NO,2022-03-27 23:14:33,70.2396,22.3479,10.47,91,80,9.89
461,Jiangyou,CN,2022-03-27 23:14:34,31.7667,104.7167,55.24,81,90,2.62
462,Moctezuma,MX,2022-03-27 23:14:34,29.8,-109.6667,87.3,7,77,16.02
463,Oranjemund,NA,2022-03-27 23:14:35,-28.55,16.4333,63.09,67,0,1.83
464,Vestmannaeyjar,IS,2022-03-27 23:14:35,63.4427,-20.2734,43.45,84,100,26.49
465,Te Anau,NZ,2022-03-27 23:13:53,-45.4167,167.7167,66.31,55,5,1.25
466,Bonavista,CA,2022-03-27 23:14:36,48.6499,-53.1147,33.03,94,100,22.79
467,Bognor Regis,GB,2022-03-27 23:14:36,50.7821,-0.6798,47.28,88,0,9.91
468,Dmitriyevka,RU,2022-03-27 23:14:36,54.75,55.3333,33.35,98,100,8.16
469,Suihua,CN,2022-03-27 23:14:37,46.6406,126.9969,34.09,60,19,9.6
470,Banjar,ID,2022-03-27 23:14:37,-8.19,114.9675,77.16,86,100,1.9
471,Turukhansk,RU,2022-03-27 23:14:37,65.8167,87.9833,-15.47,100,100,5.14
472,Sandwick,GB,2022-03-27 23:14:38,60.0,-1.25,46.22,93,4,19.57
473,Atar,MR,2022-03-27 23:14:06,20.5169,-13.0499,75.67,16,93,4.61
474,Vila,PT,2022-03-27 23:14:38,42.0304,-8.1588,50.88,75,83,3.96
475,Tripoli,LY,2022-03-27 23:09:49,32.8752,13.1875,62.02,80,100,8.63
476,Misawa,JP,2022-03-27 23:14:39,40.6836,141.3597,39.6,63,69,19.26
477,Vinh,VN,2022-03-27 23:14:39,18.6667,105.6667,64.9,88,100,7.94
478,Kisangani,CD,2022-03-27 23:14:40,0.5167,25.2,70.14,98,100,2.95
479,Evensk,RU,2022-03-27 23:14:40,61.95,159.2333,13.15,78,96,22.97
480,Mont-Dore,NC,2022-03-27 23:14:40,-22.2833,166.5833,84.18,99,41,10.85
481,Hulan,CN,2022-03-27 23:14:41,45.9833,126.6,34.43,57,5,10.36
482,Nome,US,2022-03-27 23:13:38,64.5011,-165.4064,28.47,64,0,8.05
483,Kerema,PG,2022-03-27 23:14:41,-7.9631,145.7785,82.56,74,51,3.69
484,Eydhafushi,MV,2022-03-27 23:14:42,5.1033,73.0708,82.06,74,87,8.37
485,Moron,AR,2022-03-27 23:14:42,-34.6534,-58.6198,74.95,64,0,2.8
486,Mayor Pablo Lagerenza,PY,2022-03-27 23:14:43,-19.9309,-60.7718,81.0,41,78,5.37
487,Makuyuni,TZ,2022-03-27 23:14:43,-4.7333,38.1,72.46,85,28,1.34
488,Gorontalo,ID,2022-03-27 23:14:44,0.5412,123.0595,76.5,91,99,1.5
489,Beaverlodge,CA,2022-03-27 23:14:44,55.2166,-119.4361,36.75,83,100,5.01
490,Nelson Bay,AU,2022-03-27 23:14:44,-32.7167,152.15,71.65,92,100,5.44
491,Bavly,RU,2022-03-27 23:09:45,54.393,53.2602,27.72,93,96,8.14
492,Santo Domingo,DO,2022-03-27 23:14:45,18.5001,-69.9886,80.92,79,40,6.91
493,Dunmore East,IE,2022-03-27 23:14:45,52.1514,-6.9861,48.69,68,0,7.23
494,Nantucket,US,2022-03-27 23:11:42,41.2835,-70.0995,46.51,57,40,18.41
495,Pandan,PH,2022-03-27 23:14:46,14.0453,124.1694,78.67,87,100,8.79
496,Tanout,NE,2022-03-27 23:14:46,14.9709,8.8879,71.51,9,1,12.24
497,Hamina,FI,2022-03-27 23:14:47,60.5697,27.1979,25.88,96,100,20.87
498,Ishigaki,JP,2022-03-27 23:14:47,24.3448,124.1572,69.58,86,100,20.04
499,Katsuura,JP,2022-03-27 23:14:47,35.1333,140.3,55.09,81,82,11.3
500,Sungairaya,ID,2022-03-27 23:14:48,0.7,108.9,75.78,91,59,4.16
501,Bonfim,BR,2022-03-27 23:14:48,3.0833,-59.95,82.76,64,96,7.87
502,Mount Isa,AU,2022-03-27 23:14:48,-20.7333,139.5,83.97,23,0,12.66
503,Zapolyarnyy,RU,2022-03-27 23:14:49,69.4154,30.8136,6.08,99,67,2.71
504,Hofn,IS,2022-03-27 23:14:49,64.2539,-15.2082,32.56,73,100,8.25
505,Santona,ES,2022-03-27 23:14:49,43.4439,-3.4576,62.53,72,46,6.67
506,Ramnagar,IN,2022-03-27 23:14:50,29.4,79.1167,67.39,22,6,5.77
507,Luebo,CD,2022-03-27 23:14:50,-5.35,21.4167,72.88,87,93,0.81
508,Caernarfon,GB,2022-03-27 23:15:51,53.1413,-4.2702,53.08,77,48,1.14
509,Daru,PG,2022-03-27 23:13:59,-9.0763,143.2092,77.77,90,100,2.86
510,Fuyang,CN,2022-03-27 23:15:51,32.9,115.8167,43.41,73,54,10.22
511,Gboko,NG,2022-03-27 23:15:51,7.3179,8.9951,85.51,12,5,5.44
512,Bonthe,SL,2022-03-27 23:15:52,7.5264,-12.505,78.35,85,81,3.2
513,Qaqortoq,GL,2022-03-27 23:15:52,60.7167,-46.0333,26.78,70,82,6.38
514,Lake City,US,2022-03-27 23:15:53,30.1897,-82.6393,74.91,27,0,10.36
515,Price,US,2022-03-27 23:15:53,39.5994,-110.8107,75.11,9,0,12.66
516,Zambezi,ZM,2022-03-27 23:15:53,-13.5432,23.1047,64.81,94,95,3.91
517,San Rafael,AR,2022-03-27 23:15:54,-34.6177,-68.3301,74.3,23,54,5.82
518,Ulaangom,MN,2022-03-27 23:15:54,49.9811,92.0667,7.11,82,24,3.87
519,Mandera,KE,2022-03-27 23:15:55,3.9366,41.867,84.76,39,64,11.81
520,Nongan,CN,2022-03-27 23:15:55,44.382,125.1685,34.95,42,0,12.68
521,Snezhnogorsk,RU,2022-03-27 23:15:55,69.1933,33.2531,-4.22,97,98,3.89
522,Rajampet,IN,2022-03-27 23:15:56,14.1833,79.1667,76.8,78,8,2.66
523,Alice Town,BS,2022-03-27 23:15:56,25.7167,-79.3,72.88,48,0,15.39
524,Krasnogorsk,RU,2022-03-27 23:14:15,55.8225,37.3181,23.05,51,0,11.18
525,Lamu,KE,2022-03-27 23:15:56,-2.2717,40.902,82.62,86,36,8.72
526,Dovolnoye,RU,2022-03-27 23:15:57,54.4958,79.6671,12.47,94,100,6.04
527,Saint-Augustin,CA,2022-03-27 23:15:57,51.226,-58.6502,33.6,96,100,18.34
528,Kuldur,RU,2022-03-27 23:15:58,49.2167,131.6333,23.92,87,81,3.74
529,Kibaya,TZ,2022-03-27 23:15:58,-5.3,36.5667,58.69,95,24,3.44
530,Hami,CN,2022-03-27 23:15:58,42.8,93.45,48.11,37,100,14.67
531,Gainesville,US,2022-03-27 23:13:27,29.6516,-82.3248,74.08,32,0,13.8
532,Damghan,IR,2022-03-27 23:15:59,36.1683,54.348,46.92,37,0,4.81
533,Birao,CF,2022-03-27 23:16:00,10.2849,22.7882,72.52,12,41,6.69
534,Omboue,GA,2022-03-27 23:16:00,-1.5746,9.2618,78.84,91,82,7.14
535,Gladstone,AU,2022-03-27 23:16:00,-23.85,151.25,80.78,69,17,5.75
536,Mao,ES,2022-03-27 23:16:01,39.8885,4.2658,50.56,100,0,8.05
537,Acajutla,SV,2022-03-27 23:16:01,13.5928,-89.8275,84.6,54,86,6.73
538,Morden,CA,2022-03-27 23:16:01,49.1919,-98.1014,25.09,58,18,5.75
539,Puerto Escondido,MX,2022-03-27 23:16:02,15.85,-97.0667,76.03,100,75,6.91
540,Carbonia,IT,2022-03-27 23:16:02,39.1672,8.5222,52.75,75,19,3.44
541,Sao Filipe,CV,2022-03-27 23:16:03,14.8961,-24.4956,70.54,71,100,7.9
542,Pizhma,RU,2022-03-27 23:16:03,57.8642,47.1171,17.65,86,100,11.79
543,Port Hardy,CA,2022-03-27 23:16:04,50.6996,-127.4199,48.38,93,100,8.05
544,Mabaruma,GY,2022-03-27 23:16:04,8.2,-59.7833,74.77,82,96,5.44
545,Shingu,JP,2022-03-27 23:16:04,33.7333,135.9833,55.2,64,100,6.02
546,Tezu,IN,2022-03-27 23:16:05,27.9167,96.1667,67.05,59,9,4.72
547,Starobaltachevo,RU,2022-03-27 23:16:05,56.0013,55.9213,31.32,95,100,9.98
548,Lubango,AO,2022-03-27 23:16:06,-14.9172,13.4925,61.63,56,100,1.52
549,Vytegra,RU,2022-03-27 23:16:06,61.0064,36.4481,10.74,97,23,4.7
550,Tautira,PF,2022-03-27 23:16:06,-17.7333,-149.15,81.36,75,65,14.56
551,Bokoro,TD,2022-03-27 23:16:07,12.3807,17.0568,76.77,9,47,15.66
552,Saldanha,ZA,2022-03-27 23:16:07,-33.0117,17.9442,62.96,73,7,5.39
553,Abonnema,NG,2022-03-27 23:16:08,4.7084,6.7931,80.6,83,37,5.26
554,Lebedyn,UA,2022-03-27 23:16:08,50.5852,34.4849,28.69,50,34,13.69
555,Morondava,MG,2022-03-27 23:16:08,-20.2833,44.2833,77.36,90,29,6.13
556,Dudinka,RU,2022-03-27 23:17:09,69.4058,86.1778,2.19,97,95,6.64
557,Ichhawar,IN,2022-03-27 23:17:09,23.0167,77.0167,79.11,19,19,8.39
558,Petukhovo,RU,2022-03-27 23:17:10,55.0692,67.9019,17.69,95,73,8.97
559,Gaoua,BF,2022-03-27 23:17:10,10.2992,-3.2508,89.83,28,73,3.87
560,San Quintin,MX,2022-03-27 23:17:11,30.4833,-115.95,64.02,63,50,5.64
561,Pirapemas,BR,2022-03-27 23:17:11,-3.7267,-44.2233,74.05,98,100,3.31
562,General Pico,AR,2022-03-27 23:14:06,-35.6566,-63.7568,68.14,42,0,8.16
563,Isetskoye,RU,2022-03-27 23:17:12,56.4858,65.3226,18.45,90,100,12.12
564,Devin,BG,2022-03-27 23:17:12,41.7433,24.4,38.97,84,4,0.27
565,Lodja,CD,2022-03-27 23:17:12,-3.4833,23.4333,71.46,96,98,1.77
566,Kalmar,SE,2022-03-27 23:17:13,56.6616,16.3616,46.15,73,3,14.97
567,Jiazi,CN,2022-03-27 23:17:13,22.8779,116.067,61.54,76,100,19.39
568,Moose Factory,CA,2022-03-27 23:17:14,51.2585,-80.6094,3.2,71,100,11.5
569,Faya,SA,2022-03-27 23:12:37,18.3851,42.4509,57.72,37,0,3.2
570,Ravenna,IT,2022-03-27 23:17:14,44.4167,11.9833,51.69,96,55,2.24
571,Seoul,KR,2022-03-27 23:12:21,37.5683,126.9778,36.84,25,7,1.03
572,Fallon,US,2022-03-27 23:17:15,39.4735,-118.7774,75.07,13,75,3.44
573,Manggar,ID,2022-03-27 23:17:15,-2.8833,108.2667,79.11,83,68,5.68
574,Kayerkan,RU,2022-03-27 23:17:15,69.3497,87.7602,4.06,97,99,5.08
575,La Ronge,CA,2022-03-27 23:17:16,55.1001,-105.2842,19.65,73,100,13.8
576,Akyab,MM,2022-03-27 23:17:16,20.15,92.9,77.94,84,25,2.71
577,Kalamazoo,US,2022-03-27 23:16:59,42.2506,-85.55,26.91,58,75,19.57
578,Verkh-Usugli,RU,2022-03-27 23:17:17,52.7,115.1667,10.35,84,37,5.7
579,Gushikawa,JP,2022-03-27 23:17:17,26.3544,127.8686,63.63,77,75,12.66
580,Lazaro Cardenas,MX,2022-03-27 23:15:28,17.9583,-102.2,82.98,44,79,10.74
581,Maragogi,BR,2022-03-27 23:17:18,-9.0122,-35.2225,78.57,85,94,8.03
582,Grafton,US,2022-03-27 23:16:22,42.207,-71.6856,41.52,51,100,16.11
583,Koungou,YT,2022-03-27 23:17:18,-12.7336,45.2042,76.71,88,0,3.44
584,Babstovo,RU,2022-03-27 23:13:29,48.1167,132.4833,24.57,85,21,4.99
585,Mayo,US,2022-03-27 23:17:19,38.8876,-76.5119,40.08,48,100,20.0
586,Araouane,ML,2022-03-27 23:17:19,18.9048,-3.5265,84.2,16,50,10.58
587,Yarmouth,US,2022-03-27 23:17:20,41.7057,-70.2286,45.97,62,91,17.0
588,Zubtsov,RU,2022-03-27 23:17:20,56.1753,34.5894,20.12,80,99,9.66
589,Zhireken,RU,2022-03-27 23:17:21,52.8249,117.3076,10.0,92,79,4.74
590,Tokmak,UA,2022-03-27 23:17:21,47.2514,35.7058,32.31,46,4,13.78
591,Taldan,RU,2022-03-27 23:17:22,53.6667,124.8,19.36,84,99,2.55
592,Lardos,GR,2022-03-27 23:17:19,36.0942,28.0157,59.95,59,6,4.07
593,Enid,US,2022-03-27 23:17:22,36.3956,-97.8784,65.98,34,0,16.11
594,Nioro,GM,2022-03-27 23:17:23,13.35,-15.75,80.22,32,100,9.44
595,Anta,IN,2022-03-27 23:17:23,25.15,76.3,79.25,15,3,3.98
596,Prince Rupert,CA,2022-03-27 23:17:23,54.3161,-130.3201,48.29,71,0,19.57
597,Kjollefjord,NO,2022-03-27 23:17:24,70.9457,27.3465,19.45,86,40,6.91
598,Meadow Lake,US,2022-03-27 23:17:24,34.8014,-106.5436,80.46,7,99,6.13
599,Darnah,LY,2022-03-27 23:17:25,32.767,22.6367,58.78,60,88,11.23
600,Rorvik,NO,2022-03-27 23:17:25,64.8621,11.2373,37.45,89,100,40.71
601,Kendari,ID,2022-03-27 23:17:25,-3.945,122.4989,76.96,88,84,2.19
602,Teguldet,RU,2022-03-27 23:18:26,57.3064,88.1667,-1.48,100,71,3.11
603,Mehamn,NO,2022-03-27 23:15:14,71.0357,27.8492,15.75,86,40,6.91
604,San Agustin Acasaguastlan,GT,2022-03-27 23:18:26,14.95,-89.9667,80.91,59,96,7.23
605,Rio Gallegos,AR,2022-03-27 23:18:27,-51.6226,-69.2181,50.05,43,20,14.97
606,Popondetta,PG,2022-03-27 23:18:27,-8.7537,148.2534,81.72,84,99,0.63
607,Okha,RU,2022-03-27 23:18:27,53.5739,142.9478,13.06,87,100,20.13
608,Braganca,BR,2022-03-27 23:18:28,-1.0536,-46.7656,74.08,98,94,2.24
609,Zmeinogorsk,RU,2022-03-27 23:18:28,51.1567,82.195,31.78,99,100,10.74
610,Tilichiki,RU,2022-03-27 23:18:29,60.4667,166.1,8.13,81,100,10.22
611,Krasnyy Yar,RU,2022-03-27 23:18:29,46.5331,48.3456,35.53,67,97,16.22
612,Zhuhai,CN,2022-03-27 23:17:52,22.2769,113.5678,62.38,88,40,16.11
613,Biryusinsk,RU,2022-03-27 23:18:30,55.9634,97.8235,0.46,99,63,3.85
614,Muli,MV,2022-03-27 23:18:30,2.9167,73.5667,81.66,71,96,6.46
615,Morristown,US,2022-03-27 23:14:04,36.214,-83.2949,49.37,26,0,10.36
616,Les Escoumins,CA,2022-03-27 23:18:31,48.1111,-69.0236,27.75,97,100,7.25
617,La Rioja,ES,2022-03-27 23:18:31,42.25,-2.5,40.78,72,60,8.21
618,Shiyan,CN,2022-03-27 23:18:31,32.6475,110.7781,45.66,73,0,1.79
619,Nizhniy Odes,RU,2022-03-27 23:18:32,63.6445,54.856,27.43,97,100,6.33
620,Pacific Grove,US,2022-03-27 23:16:10,36.6177,-121.9166,64.58,65,0,8.05
621,Bathsheba,BB,2022-03-27 23:18:32,13.2167,-59.5167,79.41,69,75,16.11
622,Altay,CN,2022-03-27 23:18:33,47.8667,88.1167,30.87,98,100,3.56
623,Montrose,US,2022-03-27 23:18:33,38.4166,-108.2673,65.61,18,48,20.13
624,Macae,BR,2022-03-27 23:18:33,-22.3708,-41.7869,78.55,94,40,6.91
625,Barcelos,PT,2022-03-27 23:16:20,41.5388,-8.6151,58.84,75,94,4.05
626,Alpinopolis,BR,2022-03-27 23:18:34,-20.8636,-46.3881,69.6,84,63,2.33
627,Gillette,US,2022-03-27 23:14:17,44.2911,-105.5022,63.86,29,0,12.66
628,Manga,BF,2022-03-27 23:18:34,11.6636,-1.0731,87.69,13,15,5.37
629,Hadejia,NG,2022-03-27 23:18:35,12.4498,10.0444,75.11,12,27,9.53
630,Portobelo,PA,2022-03-27 23:18:35,9.55,-79.65,79.72,85,63,11.05
631,Emerald,AU,2022-03-27 23:18:36,-23.5333,148.1667,72.34,77,1,3.69
632,Angoram,PG,2022-03-27 23:18:36,-4.0625,144.0661,78.53,90,100,2.48
633,Gvardeysk,RU,2022-03-27 23:18:37,54.6477,21.0651,42.85,65,81,12.39
634,Krasnoarmeysk,RU,2022-03-27 23:18:37,51.0239,45.6969,24.15,88,91,15.97
635,Trinidad,BO,2022-03-27 23:18:37,-14.8333,-64.9,80.58,78,40,0.0
636,Burnie,AU,2022-03-27 23:18:38,-41.0667,145.9167,63.95,92,100,4.68
637,Waipawa,NZ,2022-03-27 23:18:38,-41.4122,175.5153,56.95,77,95,7.7
638,Taltal,CL,2022-03-27 23:18:39,-25.4,-70.4833,67.53,75,23,3.87
639,Pauini,BR,2022-03-27 23:18:39,-7.7136,-66.9764,73.81,99,99,0.85
640,Khasan,RU,2022-03-27 23:18:39,42.4308,130.6434,38.86,54,0,9.04
641,Roald,NO,2022-03-27 23:18:40,62.5833,6.1333,46.99,81,75,21.85
642,Steamboat Springs,US,2022-03-27 23:18:40,40.485,-106.8317,64.96,20,0,5.75
643,Tyukod,HU,2022-03-27 23:18:41,47.8538,22.5633,38.98,42,9,1.28
644,Gannan,CN,2022-03-27 23:18:41,47.9147,123.5031,31.23,44,29,6.55
645,Milot,HT,2022-03-27 23:18:41,19.6167,-72.2167,75.9,65,75,6.91
646,Mikhaylovka,RU,2022-03-27 23:18:42,50.06,43.2379,25.79,78,95,17.4
647,Jacareacanga,BR,2022-03-27 23:18:42,-6.2222,-57.7528,75.6,97,98,1.19
648,Oistins,BB,2022-03-27 23:15:34,13.0667,-59.5333,78.89,69,75,16.11
649,Mount Gambier,AU,2022-03-27 23:18:43,-37.8333,140.7667,62.51,88,37,6.91
650,Casino,AU,2022-03-27 23:19:43,-28.8667,153.05,69.78,94,100,5.75
651,Markivka,UA,2022-03-27 23:19:43,49.5229,39.5705,27.75,63,87,16.71
652,Yatou,CN,2022-03-27 23:19:44,37.15,122.3833,40.26,43,0,5.1
653,Kathu,TH,2022-03-27 23:19:44,7.9178,98.3332,86.7,89,5,6.46
654,Angoche,MZ,2022-03-27 23:19:45,-16.2325,39.9086,77.63,81,100,6.38
655,Sturgeon Falls,CA,2022-03-27 23:19:45,46.3646,-79.9326,14.9,76,100,12.41
656,Roros,NO,2022-03-27 23:19:46,62.5747,11.3842,37.24,81,100,16.11
657,Yaan,NG,2022-03-27 23:19:46,7.3833,8.5667,86.0,11,9,3.62
658,Ca Mau,VN,2022-03-27 23:19:46,9.1769,105.15,78.58,84,35,1.95
659,Cayeli,TR,2022-03-27 23:19:47,41.0923,40.7292,43.84,90,100,10.56
660,Prince George,CA,2022-03-27 23:19:25,53.9166,-122.753,46.26,61,0,4.61
661,Kedrovyy,RU,2022-03-27 23:19:47,56.1667,91.8167,0.01,98,38,2.39
662,Itaqui,BR,2022-03-27 23:19:31,-29.1253,-56.5531,69.49,62,0,4.5
663,Waiouru,NZ,2022-03-27 23:19:48,-39.4833,175.6667,58.5,59,7,6.2
664,Manzanillo,CU,2022-03-27 23:19:48,20.3433,-77.1167,79.59,48,89,15.64
665,Salinopolis,BR,2022-03-27 23:19:49,-0.6136,-47.3561,77.92,88,98,9.08
666,La Gloria,CO,2022-03-27 23:15:22,8.6187,-73.8027,84.4,68,99,2.17
667,Xucheng,CN,2022-03-27 23:19:49,20.35,110.1288,64.76,79,100,12.48
668,Pangody,RU,2022-03-27 23:19:50,65.85,74.4859,10.04,94,100,13.09
669,Taoudenni,ML,2022-03-27 23:17:23,22.6783,-3.9836,87.28,26,23,5.21
670,Gambela,ET,2022-03-27 23:19:50,8.25,34.5833,81.61,34,9,3.6
671,Bataysk,RU,2022-03-27 23:19:50,47.1398,39.7518,34.88,53,70,15.41
672,Agdas,AZ,2022-03-27 23:19:51,40.65,47.4761,48.07,30,0,21.7
673,Nueva Germania,PY,2022-03-27 23:19:51,-23.9,-56.5667,72.32,49,0,2.39
674,Hearst,CA,2022-03-27 23:19:52,49.6835,-83.6665,7.05,86,100,10.16
675,Sandviken,SE,2022-03-27 23:19:52,60.6167,16.7667,48.69,62,97,12.53
676,Birin,NP,2022-03-27 23:19:52,26.8865,88.0718,56.53,34,0,5.19
677,Ternate,ID,2022-03-27 23:19:53,0.8,127.4,81.36,77,100,5.1
678,Zanjan,IR,2022-03-27 23:19:53,36.6736,48.4787,33.37,70,31,6.42
679,Eisiskes,LT,2022-03-27 23:19:54,54.1667,25.0,34.5,59,96,14.03
680,Kuching,MY,2022-03-27 23:19:54,1.55,110.3333,75.42,94,20,0.0
681,Vinces,EC,2022-03-27 23:18:08,-1.55,-79.7333,78.73,87,100,0.94
682,Half Moon Bay,US,2022-03-27 23:19:54,37.4636,-122.4286,66.81,63,0,26.46
683,Husavik,IS,2022-03-27 23:19:55,66.0449,-17.3389,23.99,66,45,4.43
684,Voskresenskoye,RU,2022-03-27 23:19:55,56.8381,45.4317,20.35,81,100,13.09
685,Gryazovets,RU,2022-03-27 23:19:56,58.88,40.2525,16.88,88,100,12.84
686,Zaoyang,CN,2022-03-27 23:19:56,32.1272,112.7542,47.52,78,1,8.34
687,Sorland,NO,2022-03-27 23:19:57,67.667,12.6934,36.48,92,100,10.8
688,Burdur,TR,2022-03-27 23:19:57,37.7203,30.2908,30.9,59,0,0.0
689,Bacon,PH,2022-03-27 23:19:57,13.0378,124.0411,80.11,82,99,8.68
690,Ajdabiya,LY,2022-03-27 23:19:58,30.7554,20.2263,62.92,24,10,15.21
691,Ede,NL,2022-03-27 23:19:58,52.0333,5.6583,47.79,85,0,4.61
692,San Policarpo,PH,2022-03-27 23:19:59,12.1791,125.5072,80.55,83,99,10.94
693,Anchorage,US,2022-03-27 23:15:04,61.2181,-149.9003,42.55,56,100,6.91
694,Biltine,TD,2022-03-27 23:19:59,14.5333,20.9167,72.28,6,3,17.25
695,Atagay,RU,2022-03-27 23:20:00,55.1033,99.3875,5.38,99,85,2.77
696,Esterhazy,CA,2022-03-27 23:21:00,50.65,-102.0843,29.25,86,78,12.19
